{"cameraMode":{"drawMode":0,"name":"Shaded","section":"Shading Mode"},"sceneLighting":false,"audioPlay":false,"sceneViewState":{"m_AlwaysRefresh":false,"showFog":true,"showSkybox":false,"showFlares":true,"showImageEffects":true,"showParticleSystems":true,"showVisualEffectGraphs":true,"m_FxEnabled":true},"in2DMode":false,"pivot":{"x":0.0074725341983139519,"y":0.10750927776098252,"z":-0.7792620658874512},"rotation":{"x":-0.02280714362859726,"y":-0.005401290487498045,"z":0.00012322227121330798,"w":-0.9997255206108093},"size":0.27285924553871157,"orthographic":false}