{"cameraMode":{"drawMode":0,"name":"Shaded","section":"Shading Mode"},"sceneLighting":true,"audioPlay":false,"sceneViewState":{"m_AlwaysRefresh":false,"showFog":true,"showSkybox":true,"showFlares":true,"showImageEffects":true,"showParticleSystems":true,"showVisualEffectGraphs":true,"m_FxEnabled":true},"in2DMode":false,"pivot":{"x":-0.09361438453197479,"y":-0.06759548932313919,"z":-1.2212034463882447},"rotation":{"x":-0.06471584737300873,"y":-0.03831149637699127,"z":0.0024999978486448528,"w":-0.9971854090690613},"size":0.8270542621612549,"orthographic":false}