{"cameraMode":{"drawMode":0,"name":"Shaded","section":"Shading Mode"},"sceneLighting":true,"audioPlay":false,"sceneViewState":{"m_AlwaysRefresh":false,"showFog":true,"showSkybox":true,"showFlares":true,"showImageEffects":true,"showParticleSystems":true,"showVisualEffectGraphs":true,"m_FxEnabled":true},"in2DMode":false,"pivot":{"x":0.6723669171333313,"y":3.091507911682129,"z":-42.49843215942383},"rotation":{"x":-0.02280007302761078,"y":-0.026394618675112726,"z":0.0006103080813772976,"w":-0.9994136095046997},"size":0.9070901870727539,"orthographic":false}