{"cameraMode":{"drawMode":0,"name":"Shaded","section":"Shading Mode"},"sceneLighting":true,"audioPlay":false,"sceneViewState":{"m_AlwaysRefresh":false,"showFog":true,"showSkybox":true,"showFlares":true,"showImageEffects":true,"showParticleSystems":true,"showVisualEffectGraphs":true,"m_FxEnabled":true},"in2DMode":false,"pivot":{"x":-1.4462928771972657,"y":3.578037738800049,"z":-0.5077047348022461},"rotation":{"x":-0.056424010545015338,"y":0.9071096181869507,"z":-0.12904341518878938,"w":-0.39663177728652956},"size":10.920249938964844,"orthographic":false}